fund_label,benchmark_label,excess_return_ann,beta,tracking_error,information_ratio,upside_capture,downside_capture
UTI Nifty 50 Index,NIFTY50_TRI,0.011276135512145126,0.997312593108386,0.006905382338086833,1.6329487579494737,1.019667068683925,0.999338689034768
ICICI Bluechip,NIFTY100_TRI,0.03645946036018461,0.8988887894803704,0.0296908359119386,1.227970154438271,0.7126707949709041,0.989089263083572
Parag Parikh Flexi Cap,NIFTY500_TRI,0.028935918519917694,0.6477413951519864,0.08475395221244932,0.34141084592002496,0.24138108236016093,0.9413944703046814
HDFC Balanced Advantage,HYBRID_65_35,0.0825653246738266,0.9993568388783588,0.050023697927150036,1.6505242134251497,1.1774353881628015,0.9756224460161763
Nippon India Small Cap,NIFTYSMALLCAP250_TRI,0.11346700034132336,0.9800008941580023,0.08028354771659382,1.4133281795402128,1.1564852502556888,0.9915848434982374
